insert into POSITION (ID, NAME) values ( 1, 'Developer' );
insert into POSITION (ID, NAME) values ( 2, 'QA' );
insert into POSITION (ID, NAME) values ( 3, 'AQA' );
insert into POSITION (ID, NAME) values ( 4, 'DevOps' );
insert into POSITION (ID, NAME) values ( 5, 'Designer' );
insert into POSITION (ID, NAME) values ( 6, 'Lead' );
insert into POSITION (ID, NAME) values ( 7, 'Architect' );
insert into POSITION (ID, NAME) values ( 8, 'Manager' );
insert into POSITION (ID, NAME) values ( 9, 'HR' );

insert into EMPLOYEE(id, position_id, first_name, last_name, email) values (  1, 1, 'Igor', 'Movchan', 'movchan@gmail.com');
insert into EMPLOYEE(id, position_id, first_name, last_name, email) values (  2, 2, 'Max', 'Kurek', 'kurek@gmail.com');
insert into EMPLOYEE(id, position_id, first_name, last_name, email) values (  3, 3, 'Jora', 'Melnik', 'melnik@gmail.com');
insert into EMPLOYEE(id, position_id, first_name, last_name, email) values (  4, 3, 'Eugene', 'Jove', 'jove@gmail.com');
insert into EMPLOYEE(id, position_id, first_name, last_name, email) values (  5, 7, 'Dima', 'Karlov', 'karlov@gmail.com');
insert into EMPLOYEE(id, position_id, first_name, last_name, email) values (  6, 4, 'Vlad', 'Voronenko', 'voronenko@gmail.com');
insert into EMPLOYEE(id, position_id, first_name, last_name, email) values (  7, 6, 'Alexandr', 'Sushko', 'sushko@gmail.com');
insert into EMPLOYEE(id, position_id, first_name, last_name, email) values (  8, 1, 'Daria', 'Duban', 'duban@gmail.com');
insert into EMPLOYEE(id, position_id, first_name, last_name, email) values (  9, 8, 'Maria', 'Medvedeva', 'medvedeva@gmail.com');
insert into EMPLOYEE(id, position_id, first_name, last_name, email) values (  10, 9, 'Ann', 'Chida', 'chida@gmail.com');
insert into EMPLOYEE(id, position_id, first_name, last_name, email) values (  11, 5, 'Orion', 'Jerde', 'jerde@gmail.com');
insert into EMPLOYEE(id, position_id, first_name, last_name, email) values (  12, 5, 'Myles', 'Kuhic', 'kuhic@gmail.com');
insert into EMPLOYEE(id, position_id, first_name, last_name, email) values (  13, 6, 'Kamren', 'Rowe', 'rowe@gmail.com');
insert into EMPLOYEE(id, position_id, first_name, last_name, email) values (  14, 8, 'Frederik', 'Dickinson', 'dickinson@gmail.com');
insert into EMPLOYEE(id, position_id, first_name, last_name, email) values (  15, 8, 'Gloria', 'Gloria', 'gerlach@gmail.com');
insert into EMPLOYEE(id, position_id, first_name, last_name, email) values (  16, 9, 'Wilfred', 'Johnson', 'johnson@gmail.com');
insert into EMPLOYEE(id, position_id, first_name, last_name, email) values (  17, 9, 'Mylene', 'Donnelly', 'donnelly@gmail.com');
insert into EMPLOYEE(id, position_id, first_name, last_name, email) values (  18, 1, 'Michale', 'Hodkiewicz', 'hodkiewicz@gmail.com');
insert into EMPLOYEE(id, position_id, first_name, last_name, email) values (  19, 2, 'Haley', 'Frami', 'frami@gmail.com');
insert into EMPLOYEE(id, position_id, first_name, last_name, email) values (  20, 3, 'Melvina', 'Oberbrunner', 'oberbrunner@gmail.com');

insert into NOTE(ID, EMPLOYEE_ID, TEXT) values ( 1, 1, 'going to Paris' );
insert into NOTE(ID, EMPLOYEE_ID, TEXT) values ( 2, 9, 'good luck' );
insert into NOTE(ID, EMPLOYEE_ID, TEXT) values ( 3, 4, 'going to WFH' );
insert into NOTE(ID, EMPLOYEE_ID, TEXT) values ( 4, 14, 'ok' );
insert into NOTE(ID, EMPLOYEE_ID, TEXT) values ( 5, 12, 'going to hospital' );
insert into NOTE(ID, EMPLOYEE_ID, TEXT) values ( 6, 15, 'get well' );
insert into NOTE(ID, EMPLOYEE_ID, TEXT) values ( 7, 8, 'going to Budapest' );
insert into NOTE(ID, EMPLOYEE_ID, TEXT) values ( 8, 9, 'have fun' );
insert into NOTE(ID, EMPLOYEE_ID, TEXT) values ( 9, 17, 'going to conference' );
insert into NOTE(ID, EMPLOYEE_ID, TEXT) values ( 10, 14, 'cool' );
insert into NOTE(ID, EMPLOYEE_ID, TEXT) values ( 11, 11, 'will WFH' );
insert into NOTE(ID, EMPLOYEE_ID, TEXT) values ( 12, 15, 'ok' );
insert into NOTE(ID, EMPLOYEE_ID, TEXT) values ( 13, 10, 'going to skip because of illness' );
insert into NOTE(ID, EMPLOYEE_ID, TEXT) values ( 14, 9, 'get well' );

insert into STATUS (ID, NAME) VALUES (1, 'requested' );
insert into STATUS (ID, NAME) VALUES (2, 'approved' );
insert into STATUS (ID, NAME) VALUES (3, 'denied' );
insert into STATUS (ID, NAME) VALUES (4, 'superseded' );
insert into STATUS (ID, NAME) VALUES (5, 'canceled' );

insert into TYPE (ID, NAME) values (1, 'Vacation');
insert into TYPE (ID, NAME) values (2, 'Fully Paid Sick Leave');
insert into TYPE (ID, NAME) values (3, 'Compensatory Leave');
insert into TYPE (ID, NAME) values (4, 'Unpaid Vacation');
insert into TYPE (ID, NAME) values (5, 'Blood Donation');
insert into TYPE (ID, NAME) values (6, 'Bereavement Leave');
insert into TYPE (ID, NAME) values (7, 'Parental Leave');
insert into TYPE (ID, NAME) values (8, 'WFH');

insert into TIME_OFF_REQUEST (ID, EMPLOYEE_ID, TYPE_ID, START, END, CREATED) values (1, 19, 7, '2019-03-09', '2019-03-19', '2019-03-08');
insert into TIME_OFF_REQUEST (ID, EMPLOYEE_ID, TYPE_ID, START, END, CREATED) values (2, 8, 8, '2019-06-28', '2019-06-29', '2019-06-27');
insert into TIME_OFF_REQUEST (ID, EMPLOYEE_ID, TYPE_ID, START, END, CREATED) values (3, 16, 4, '2019-03-10', '2019-03-26', '2019-03-09');
insert into TIME_OFF_REQUEST (ID, EMPLOYEE_ID, TYPE_ID, START, END, CREATED) values (4, 13, 3, '2019-03-07', '2019-03-15', '2019-03-06');
insert into TIME_OFF_REQUEST (ID, EMPLOYEE_ID, TYPE_ID, START, END, CREATED) values (5, 8, 7, '2019-02-24', '2019-03-11', '2019-02-23');
insert into TIME_OFF_REQUEST (ID, EMPLOYEE_ID, TYPE_ID, START, END, CREATED) values (6, 14, 4, '2019-02-14', '2019-02-27', '2019-02-13');
insert into TIME_OFF_REQUEST (ID, EMPLOYEE_ID, TYPE_ID, START, END, CREATED) values (7, 20, 2, '2019-03-23', '2019-04-05', '2019-03-22');
insert into TIME_OFF_REQUEST (ID, EMPLOYEE_ID, TYPE_ID, START, END, CREATED) values (8, 4, 3, '2019-04-19', '2019-04-23', '2019-04-18');
insert into TIME_OFF_REQUEST (ID, EMPLOYEE_ID, TYPE_ID, START, END, CREATED) values (9, 11, 4, '2019-05-18', '2019-06-07', '2019-05-17');
insert into TIME_OFF_REQUEST (ID, EMPLOYEE_ID, TYPE_ID, START, END, CREATED) values (10, 4, 5, '2019-06-05', '2019-06-20', '2019-06-04');
insert into TIME_OFF_REQUEST (ID, EMPLOYEE_ID, TYPE_ID, START, END, CREATED) values (11, 14, 3, '2019-04-28', '2019-05-02', '2019-04-27');
insert into TIME_OFF_REQUEST (ID, EMPLOYEE_ID, TYPE_ID, START, END, CREATED) values (12, 1, 6, '2019-02-04', '2019-02-18', '2019-02-03');
insert into TIME_OFF_REQUEST (ID, EMPLOYEE_ID, TYPE_ID, START, END, CREATED) values (13, 13, 2, '2019-03-16', '2019-03-20', '2019-03-15');
insert into TIME_OFF_REQUEST (ID, EMPLOYEE_ID, TYPE_ID, START, END, CREATED) values (14, 12, 1, '2019-03-12', '2019-03-31', '2019-03-11');
insert into TIME_OFF_REQUEST (ID, EMPLOYEE_ID, TYPE_ID, START, END, CREATED) values (15, 3, 8, '2019-04-01', '2019-04-02', '2019-03-31');
insert into TIME_OFF_REQUEST (ID, EMPLOYEE_ID, TYPE_ID, START, END, CREATED) values (16, 6, 3, '2019-05-27', '2019-05-30', '2019-05-26');
insert into TIME_OFF_REQUEST (ID, EMPLOYEE_ID, TYPE_ID, START, END, CREATED) values (17, 17, 3, '2019-02-12', '2019-03-04', '2019-02-11');
insert into TIME_OFF_REQUEST (ID, EMPLOYEE_ID, TYPE_ID, START, END, CREATED) values (18, 11, 1, '2019-02-03', '2019-02-06', '2019-02-02');
insert into TIME_OFF_REQUEST (ID, EMPLOYEE_ID, TYPE_ID, START, END, CREATED) values (19, 11, 1, '2019-06-07', '2019-06-12', '2019-06-06');
insert into TIME_OFF_REQUEST (ID, EMPLOYEE_ID, TYPE_ID, START, END, CREATED) values (20, 14, 7, '2019-03-09', '2019-03-15', '2019-03-08');
insert into TIME_OFF_REQUEST (ID, EMPLOYEE_ID, TYPE_ID, START, END, CREATED) values (21, 6, 4, '2019-06-06', '2019-06-14', '2019-06-05');
insert into TIME_OFF_REQUEST (ID, EMPLOYEE_ID, TYPE_ID, START, END, CREATED) values (22, 1, 4, '2019-04-30', '2019-05-06', '2019-04-29');
insert into TIME_OFF_REQUEST (ID, EMPLOYEE_ID, TYPE_ID, START, END, CREATED) values (23, 1, 1, '2019-05-07', '2019-05-25', '2019-05-06');
insert into TIME_OFF_REQUEST (ID, EMPLOYEE_ID, TYPE_ID, START, END, CREATED) values (24, 6, 8, '2019-02-08', '2019-02-09', '2019-02-07');
insert into TIME_OFF_REQUEST (ID, EMPLOYEE_ID, TYPE_ID, START, END, CREATED) values (25, 12, 7, '2019-04-08', '2019-04-20', '2019-04-07');
insert into TIME_OFF_REQUEST (ID, EMPLOYEE_ID, TYPE_ID, START, END, CREATED) values (26, 9, 1, '2019-04-16', '2019-04-26', '2019-04-15');
insert into TIME_OFF_REQUEST (ID, EMPLOYEE_ID, TYPE_ID, START, END, CREATED) values (27, 1, 8, '2019-06-25', '2019-06-26', '2019-06-24');
insert into TIME_OFF_REQUEST (ID, EMPLOYEE_ID, TYPE_ID, START, END, CREATED) values (28, 6, 5, '2019-02-20', '2019-02-25', '2019-02-19');
insert into TIME_OFF_REQUEST (ID, EMPLOYEE_ID, TYPE_ID, START, END, CREATED) values (29, 5, 1, '2019-06-12', '2019-06-23', '2019-06-11');
insert into TIME_OFF_REQUEST (ID, EMPLOYEE_ID, TYPE_ID, START, END, CREATED) values (30, 5, 8, '2019-02-25', '2019-02-26', '2019-02-24');

insert into TIME_OFF_REQUEST_STATUS(ID, TIME_OFF_REQUEST_ID, STATUS_ID, EMPLOYEE_ID, LAST_CHANGED) VALUES (1,  12, 2, 1, '2019-02-03 14:12:00.000000');
insert into TIME_OFF_REQUEST_STATUS(ID, TIME_OFF_REQUEST_ID, STATUS_ID, EMPLOYEE_ID, LAST_CHANGED) VALUES (2,  22, 2, 1, '2019-04-29 14:12:00.000000');
insert into TIME_OFF_REQUEST_STATUS(ID, TIME_OFF_REQUEST_ID, STATUS_ID, EMPLOYEE_ID, LAST_CHANGED) VALUES (3,  23, 2, 1, '2019-05-06 14:12:00.000000');
insert into TIME_OFF_REQUEST_STATUS(ID, TIME_OFF_REQUEST_ID, STATUS_ID, EMPLOYEE_ID, LAST_CHANGED) VALUES (4,  27, 1, 1, '2019-06-24 14:12:00.000000');
insert into TIME_OFF_REQUEST_STATUS(ID, TIME_OFF_REQUEST_ID, STATUS_ID, EMPLOYEE_ID, LAST_CHANGED) VALUES (5,  15, 2, 3, '2019-03-31 14:12:00.000000');
insert into TIME_OFF_REQUEST_STATUS(ID, TIME_OFF_REQUEST_ID, STATUS_ID, EMPLOYEE_ID, LAST_CHANGED) VALUES (6,  8, 2, 4, '2019-04-18 14:12:00.000000');
insert into TIME_OFF_REQUEST_STATUS(ID, TIME_OFF_REQUEST_ID, STATUS_ID, EMPLOYEE_ID, LAST_CHANGED) VALUES (7,  10, 1, 4, '2019-06-04 14:12:00.000000');
insert into TIME_OFF_REQUEST_STATUS(ID, TIME_OFF_REQUEST_ID, STATUS_ID, EMPLOYEE_ID, LAST_CHANGED) VALUES (8,  29, 1, 5, '2019-06-11 14:12:00.000000');
insert into TIME_OFF_REQUEST_STATUS(ID, TIME_OFF_REQUEST_ID, STATUS_ID, EMPLOYEE_ID, LAST_CHANGED) VALUES (9,  30, 2, 5, '2019-02-24 14:12:00.000000');
insert into TIME_OFF_REQUEST_STATUS(ID, TIME_OFF_REQUEST_ID, STATUS_ID, EMPLOYEE_ID, LAST_CHANGED) VALUES (10, 16, 2, 6, '2019-05-26 14:12:00.000000');
insert into TIME_OFF_REQUEST_STATUS(ID, TIME_OFF_REQUEST_ID, STATUS_ID, EMPLOYEE_ID, LAST_CHANGED) VALUES (11, 21, 1, 6, '2019-06-05 14:12:00.000000');
insert into TIME_OFF_REQUEST_STATUS(ID, TIME_OFF_REQUEST_ID, STATUS_ID, EMPLOYEE_ID, LAST_CHANGED) VALUES (12, 24, 3, 6, '2019-02-07 14:12:00.000000');
insert into TIME_OFF_REQUEST_STATUS(ID, TIME_OFF_REQUEST_ID, STATUS_ID, EMPLOYEE_ID, LAST_CHANGED) VALUES (13, 28, 5, 6, '2019-02-19 14:12:00.000000');
insert into TIME_OFF_REQUEST_STATUS(ID, TIME_OFF_REQUEST_ID, STATUS_ID, EMPLOYEE_ID, LAST_CHANGED) VALUES (14, 2, 1, 8, '2019-06-27 14:12:00.000000');
insert into TIME_OFF_REQUEST_STATUS(ID, TIME_OFF_REQUEST_ID, STATUS_ID, EMPLOYEE_ID, LAST_CHANGED) VALUES (15, 5, 2, 8, '2019-02-23 14:12:00.000000');
insert into TIME_OFF_REQUEST_STATUS(ID, TIME_OFF_REQUEST_ID, STATUS_ID, EMPLOYEE_ID, LAST_CHANGED) VALUES (16, 26, 2, 9, '2019-04-15 14:12:00.000000');
insert into TIME_OFF_REQUEST_STATUS(ID, TIME_OFF_REQUEST_ID, STATUS_ID, EMPLOYEE_ID, LAST_CHANGED) VALUES (17, 9, 2, 11, '2019-05-17 14:12:00.000000');
insert into TIME_OFF_REQUEST_STATUS(ID, TIME_OFF_REQUEST_ID, STATUS_ID, EMPLOYEE_ID, LAST_CHANGED) VALUES (18, 18, 3, 11, '2019-02-02 14:12:00.000000');
insert into TIME_OFF_REQUEST_STATUS(ID, TIME_OFF_REQUEST_ID, STATUS_ID, EMPLOYEE_ID, LAST_CHANGED) VALUES (19, 19, 1, 11, '2019-06-06 14:12:00.000000');
insert into TIME_OFF_REQUEST_STATUS(ID, TIME_OFF_REQUEST_ID, STATUS_ID, EMPLOYEE_ID, LAST_CHANGED) VALUES (20, 14, 2, 12, '2019-03-11 14:12:00.000000');
insert into TIME_OFF_REQUEST_STATUS(ID, TIME_OFF_REQUEST_ID, STATUS_ID, EMPLOYEE_ID, LAST_CHANGED) VALUES (21, 25, 2, 12, '2019-04-07 14:12:00.000000');
insert into TIME_OFF_REQUEST_STATUS(ID, TIME_OFF_REQUEST_ID, STATUS_ID, EMPLOYEE_ID, LAST_CHANGED) VALUES (22, 4, 2, 13, '2019-03-06 14:12:00.000000');
insert into TIME_OFF_REQUEST_STATUS(ID, TIME_OFF_REQUEST_ID, STATUS_ID, EMPLOYEE_ID, LAST_CHANGED) VALUES (23, 13, 2, 13, '2019-03-15 14:12:00.000000');
insert into TIME_OFF_REQUEST_STATUS(ID, TIME_OFF_REQUEST_ID, STATUS_ID, EMPLOYEE_ID, LAST_CHANGED) VALUES (24, 6, 2, 14, '2019-02-13 14:12:00.000000');
insert into TIME_OFF_REQUEST_STATUS(ID, TIME_OFF_REQUEST_ID, STATUS_ID, EMPLOYEE_ID, LAST_CHANGED) VALUES (25, 11, 2, 14, '2019-04-27 14:12:00.000000');
insert into TIME_OFF_REQUEST_STATUS(ID, TIME_OFF_REQUEST_ID, STATUS_ID, EMPLOYEE_ID, LAST_CHANGED) VALUES (26, 20, 2, 14, '2019-03-08 14:12:00.000000');
insert into TIME_OFF_REQUEST_STATUS(ID, TIME_OFF_REQUEST_ID, STATUS_ID, EMPLOYEE_ID, LAST_CHANGED) VALUES (27, 3, 2, 16, '2019-03-09 14:12:00.000000');
insert into TIME_OFF_REQUEST_STATUS(ID, TIME_OFF_REQUEST_ID, STATUS_ID, EMPLOYEE_ID, LAST_CHANGED) VALUES (28, 17, 2, 17, '2019-02-11 14:12:00.000000');
insert into TIME_OFF_REQUEST_STATUS(ID, TIME_OFF_REQUEST_ID, STATUS_ID, EMPLOYEE_ID, LAST_CHANGED) VALUES (29, 1, 2, 19, '2019-03-08 14:12:00.000000');
insert into TIME_OFF_REQUEST_STATUS(ID, TIME_OFF_REQUEST_ID, STATUS_ID, EMPLOYEE_ID, LAST_CHANGED) VALUES (30, 7, 2, 20, '2019-03-22 14:12:00.000000');


insert into TIME_OFF_REQUEST_NOTE (ID, TIME_OFF_REQUEST_ID, NOTE_ID) values (1, 22, 1);
insert into TIME_OFF_REQUEST_NOTE (ID, TIME_OFF_REQUEST_ID, NOTE_ID) values (2, 22, 2);
insert into TIME_OFF_REQUEST_NOTE (ID, TIME_OFF_REQUEST_ID, NOTE_ID) values (3, 15, 3);
insert into TIME_OFF_REQUEST_NOTE (ID, TIME_OFF_REQUEST_ID, NOTE_ID) values (4, 15, 4);
insert into TIME_OFF_REQUEST_NOTE (ID, TIME_OFF_REQUEST_ID, NOTE_ID) values (5, 13, 5);
insert into TIME_OFF_REQUEST_NOTE (ID, TIME_OFF_REQUEST_ID, NOTE_ID) values (6, 13, 6);
insert into TIME_OFF_REQUEST_NOTE (ID, TIME_OFF_REQUEST_ID, NOTE_ID) values (7, 26, 7);
insert into TIME_OFF_REQUEST_NOTE (ID, TIME_OFF_REQUEST_ID, NOTE_ID) values (8, 26, 8);
insert into TIME_OFF_REQUEST_NOTE (ID, TIME_OFF_REQUEST_ID, NOTE_ID) values (9, 3, 9);
insert into TIME_OFF_REQUEST_NOTE (ID, TIME_OFF_REQUEST_ID, NOTE_ID) values (10, 3, 10);
insert into TIME_OFF_REQUEST_NOTE (ID, TIME_OFF_REQUEST_ID, NOTE_ID) values (11, 2, 11);
insert into TIME_OFF_REQUEST_NOTE (ID, TIME_OFF_REQUEST_ID, NOTE_ID) values (12, 2, 12);
insert into TIME_OFF_REQUEST_NOTE (ID, TIME_OFF_REQUEST_ID, NOTE_ID) values (13, 7, 13);
insert into TIME_OFF_REQUEST_NOTE (ID, TIME_OFF_REQUEST_ID, NOTE_ID) values (14, 7, 14);