insert into EMPLOYEE_POSITION (ID, POSITION) values ( 1, 'DEVELOPER' );
insert into EMPLOYEE_POSITION (ID, POSITION) values ( 2, 'QA' );
insert into EMPLOYEE_POSITION (ID, POSITION) values ( 3, 'AQA' );
insert into EMPLOYEE_POSITION (ID, POSITION) values ( 4, 'DEVOPS' );
insert into EMPLOYEE_POSITION (ID, POSITION) values ( 5, 'DESIGNER' );
insert into EMPLOYEE_POSITION (ID, POSITION) values ( 6, 'LEAD' );
insert into EMPLOYEE_POSITION (ID, POSITION) values ( 7, 'ARCHITECT' );
insert into EMPLOYEE_POSITION (ID, POSITION) values ( 8, 'MANAGER' );
insert into EMPLOYEE_POSITION (ID, POSITION) values ( 9, 'HR' );

insert into EMPLOYEE(ID, EMPLOYEE_POSITION_ID, FIRST_NAME, LAST_NAME, EMAIL) values (  1, 1, 'Igor', 'Movchan', 'movchan@gmail.com');
insert into EMPLOYEE(ID, EMPLOYEE_POSITION_ID, FIRST_NAME, LAST_NAME, EMAIL) values (  2, 2, 'Max', 'Kurek', 'kurek@gmail.com');
insert into EMPLOYEE(ID, EMPLOYEE_POSITION_ID, FIRST_NAME, LAST_NAME, EMAIL) values (  3, 3, 'Jora', 'Melnik', 'melnik@gmail.com');
insert into EMPLOYEE(ID, EMPLOYEE_POSITION_ID, FIRST_NAME, LAST_NAME, EMAIL) values (  4, 3, 'Eugene', 'Jove', 'jove@gmail.com');
insert into EMPLOYEE(ID, EMPLOYEE_POSITION_ID, FIRST_NAME, LAST_NAME, EMAIL) values (  5, 7, 'Dima', 'Karlov', 'karlov@gmail.com');
insert into EMPLOYEE(ID, EMPLOYEE_POSITION_ID, FIRST_NAME, LAST_NAME, EMAIL) values (  6, 4, 'Vlad', 'Voronenko', 'voronenko@gmail.com');
insert into EMPLOYEE(ID, EMPLOYEE_POSITION_ID, FIRST_NAME, LAST_NAME, EMAIL) values (  7, 6, 'Alexandr', 'Sushko', 'sushko@gmail.com');
insert into EMPLOYEE(ID, EMPLOYEE_POSITION_ID, FIRST_NAME, LAST_NAME, EMAIL) values (  8, 1, 'Daria', 'Duban', 'duban@gmail.com');
insert into EMPLOYEE(ID, EMPLOYEE_POSITION_ID, FIRST_NAME, LAST_NAME, EMAIL) values (  9, 8, 'Maria', 'Medvedeva', 'medvedeva@gmail.com');
insert into EMPLOYEE(ID, EMPLOYEE_POSITION_ID, FIRST_NAME, LAST_NAME, EMAIL) values (  10, 9, 'Ann', 'Chida', 'chida@gmail.com');
insert into EMPLOYEE(ID, EMPLOYEE_POSITION_ID, FIRST_NAME, LAST_NAME, EMAIL) values (  11, 5, 'Orion', 'Jerde', 'jerde@gmail.com');
insert into EMPLOYEE(ID, EMPLOYEE_POSITION_ID, FIRST_NAME, LAST_NAME, EMAIL) values (  12, 5, 'Myles', 'Kuhic', 'kuhic@gmail.com');
insert into EMPLOYEE(ID, EMPLOYEE_POSITION_ID, FIRST_NAME, LAST_NAME, EMAIL) values (  13, 6, 'Kamren', 'Rowe', 'rowe@gmail.com');
insert into EMPLOYEE(ID, EMPLOYEE_POSITION_ID, FIRST_NAME, LAST_NAME, EMAIL) values (  14, 8, 'Frederik', 'Dickinson', 'dickinson@gmail.com');
insert into EMPLOYEE(ID, EMPLOYEE_POSITION_ID, FIRST_NAME, LAST_NAME, EMAIL) values (  15, 8, 'Gloria', 'Gloria', 'gerlach@gmail.com');
insert into EMPLOYEE(ID, EMPLOYEE_POSITION_ID, FIRST_NAME, LAST_NAME, EMAIL) values (  16, 9, 'Wilfred', 'Johnson', 'johnson@gmail.com');
insert into EMPLOYEE(ID, EMPLOYEE_POSITION_ID, FIRST_NAME, LAST_NAME, EMAIL) values (  17, 9, 'Mylene', 'Donnelly', 'donnelly@gmail.com');
insert into EMPLOYEE(ID, EMPLOYEE_POSITION_ID, FIRST_NAME, LAST_NAME, EMAIL) values (  18, 1, 'Michale', 'Hodkiewicz', 'hodkiewicz@gmail.com');
insert into EMPLOYEE(ID, EMPLOYEE_POSITION_ID, FIRST_NAME, LAST_NAME, EMAIL) values (  19, 2, 'Haley', 'Frami', 'frami@gmail.com');
insert into EMPLOYEE(ID, EMPLOYEE_POSITION_ID, FIRST_NAME, LAST_NAME, EMAIL) values (  20, 3, 'Melvina', 'Oberbrunner', 'oberbrunner@gmail.com');

insert into NOTE(ID, EMPLOYEE_ID, TEXT, CREATED) values ( 1, 1, 'going to Paris', '2019-04-29 12:33:00.000000' );
insert into NOTE(ID, EMPLOYEE_ID, TEXT, CREATED) values ( 2, 9, 'good luck', '2019-04-29 12:35:00.000000');
insert into NOTE(ID, EMPLOYEE_ID, TEXT, CREATED) values ( 3, 4, 'going to WFH', '2019-03-31 12:35:00.000000' );
insert into NOTE(ID, EMPLOYEE_ID, TEXT, CREATED) values ( 4, 14, 'ok', '2019-03-31 12:40:00.000000');
insert into NOTE(ID, EMPLOYEE_ID, TEXT, CREATED) values ( 5, 12, 'going to hospital', '2019-03-15 12:40:00.000000' );
insert into NOTE(ID, EMPLOYEE_ID, TEXT, CREATED) values ( 6, 15, 'get well', '2019-03-15 12:45:00.000000');
insert into NOTE(ID, EMPLOYEE_ID, TEXT, CREATED) values ( 7, 8, 'going to Budapest', '2019-04-15 12:50:00.000000' );
insert into NOTE(ID, EMPLOYEE_ID, TEXT, CREATED) values ( 8, 9, 'have fun', '2019-04-15 12:50:00.000000');
insert into NOTE(ID, EMPLOYEE_ID, TEXT, CREATED) values ( 9, 17, 'going to conference', '2019-03-09 12:52:00.000000' );
insert into NOTE(ID, EMPLOYEE_ID, TEXT, CREATED) values ( 10, 14, 'cool', '2019-03-09 12:55:00.000000');
insert into NOTE(ID, EMPLOYEE_ID, TEXT, CREATED) values ( 11, 11, 'will WFH', '2019-06-27 12:55:00.000000');
insert into NOTE(ID, EMPLOYEE_ID, TEXT, CREATED) values ( 12, 15, 'ok', '2019-06-27 12:56:00.000000');
insert into NOTE(ID, EMPLOYEE_ID, TEXT, CREATED) values ( 13, 10, 'going to skip because of illness', '2019-03-22 12:58:00.000000');
insert into NOTE(ID, EMPLOYEE_ID, TEXT, CREATED) values ( 14, 9, 'get well', '2019-03-22 12:59:00.000000');

insert into REQUEST_STATUS (ID, STATUS) VALUES (1, 'REQUESTED' );
insert into REQUEST_STATUS (ID, STATUS) VALUES (2, 'APPROVED' );
insert into REQUEST_STATUS (ID, STATUS) VALUES (3, 'DENIED' );
insert into REQUEST_STATUS (ID, STATUS) VALUES (4, 'SUPERSEDED' );
insert into REQUEST_STATUS (ID, STATUS) VALUES (5, 'CANCELED' );

insert into REQUEST_TYPE (ID, TYPE) values (1, 'VACATION');
insert into REQUEST_TYPE (ID, TYPE) values (2, 'FULLY_PAID_SICK_LEAVE');
insert into REQUEST_TYPE (ID, TYPE) values (3, 'COMPENSATORY_LEAVE');
insert into REQUEST_TYPE (ID, TYPE) values (4, 'UNPAID_VACATION');
insert into REQUEST_TYPE (ID, TYPE) values (5, 'BLOOD_DONATION');
insert into REQUEST_TYPE (ID, TYPE) values (6, 'BEREAVEMENT_LEAVE');
insert into REQUEST_TYPE (ID, TYPE) values (7, 'PARENTAL_LEAVE');
insert into REQUEST_TYPE (ID, TYPE) values (8, 'WFH');

insert into CURRENT_REQUEST_STATUS(ID, REQUEST_STATUS_ID, EMPLOYEE_ID, LAST_CHANGED) VALUES (1, 2, 9, '2019-02-03 14:12:00.000000');
insert into CURRENT_REQUEST_STATUS(ID, REQUEST_STATUS_ID, EMPLOYEE_ID, LAST_CHANGED) VALUES (2, 2, 9, '2019-04-29 14:12:00.000000');
insert into CURRENT_REQUEST_STATUS(ID, REQUEST_STATUS_ID, EMPLOYEE_ID, LAST_CHANGED) VALUES (3, 2, 9, '2019-05-06 14:12:00.000000');
insert into CURRENT_REQUEST_STATUS(ID, REQUEST_STATUS_ID, EMPLOYEE_ID, LAST_CHANGED) VALUES (4, 1, 1, '2019-06-24 14:12:00.000000');
insert into CURRENT_REQUEST_STATUS(ID, REQUEST_STATUS_ID, EMPLOYEE_ID, LAST_CHANGED) VALUES (5, 2, 14, '2019-03-31 14:12:00.000000');
insert into CURRENT_REQUEST_STATUS(ID, REQUEST_STATUS_ID, EMPLOYEE_ID, LAST_CHANGED) VALUES (6, 2, 14, '2019-04-18 14:12:00.000000');
insert into CURRENT_REQUEST_STATUS(ID, REQUEST_STATUS_ID, EMPLOYEE_ID, LAST_CHANGED) VALUES (7, 1, 4, '2019-06-04 14:12:00.000000');
insert into CURRENT_REQUEST_STATUS(ID, REQUEST_STATUS_ID, EMPLOYEE_ID, LAST_CHANGED) VALUES (8, 1, 5, '2019-06-11 14:12:00.000000');
insert into CURRENT_REQUEST_STATUS(ID, REQUEST_STATUS_ID, EMPLOYEE_ID, LAST_CHANGED) VALUES (9, 2, 18, '2019-02-24 14:12:00.000000');
insert into CURRENT_REQUEST_STATUS(ID, REQUEST_STATUS_ID, EMPLOYEE_ID, LAST_CHANGED) VALUES (10, 2, 9, '2019-05-26 14:12:00.000000');
insert into CURRENT_REQUEST_STATUS(ID, REQUEST_STATUS_ID, EMPLOYEE_ID, LAST_CHANGED) VALUES (11, 1, 6, '2019-06-05 14:12:00.000000');
insert into CURRENT_REQUEST_STATUS(ID, REQUEST_STATUS_ID, EMPLOYEE_ID, LAST_CHANGED) VALUES (12, 3, 14, '2019-02-07 14:12:00.000000');
insert into CURRENT_REQUEST_STATUS(ID, REQUEST_STATUS_ID, EMPLOYEE_ID, LAST_CHANGED) VALUES (13, 5, 6, '2019-02-19 14:12:00.000000');
insert into CURRENT_REQUEST_STATUS(ID, REQUEST_STATUS_ID, EMPLOYEE_ID, LAST_CHANGED) VALUES (14, 1, 8, '2019-06-27 14:12:00.000000');
insert into CURRENT_REQUEST_STATUS(ID, REQUEST_STATUS_ID, EMPLOYEE_ID, LAST_CHANGED) VALUES (15, 2, 18, '2019-02-23 14:12:00.000000');
insert into CURRENT_REQUEST_STATUS(ID, REQUEST_STATUS_ID, EMPLOYEE_ID, LAST_CHANGED) VALUES (16, 2, 18, '2019-04-15 14:12:00.000000');
insert into CURRENT_REQUEST_STATUS(ID, REQUEST_STATUS_ID, EMPLOYEE_ID, LAST_CHANGED) VALUES (17, 2, 14, '2019-05-17 14:12:00.000000');
insert into CURRENT_REQUEST_STATUS(ID, REQUEST_STATUS_ID, EMPLOYEE_ID, LAST_CHANGED) VALUES (18, 3, 9, '2019-02-02 14:12:00.000000');
insert into CURRENT_REQUEST_STATUS(ID, REQUEST_STATUS_ID, EMPLOYEE_ID, LAST_CHANGED) VALUES (19, 1, 11, '2019-06-06 14:12:00.000000');
insert into CURRENT_REQUEST_STATUS(ID, REQUEST_STATUS_ID, EMPLOYEE_ID, LAST_CHANGED) VALUES (20, 2, 9, '2019-03-11 14:12:00.000000');
insert into CURRENT_REQUEST_STATUS(ID, REQUEST_STATUS_ID, EMPLOYEE_ID, LAST_CHANGED) VALUES (21, 2, 9, '2019-04-07 14:12:00.000000');
insert into CURRENT_REQUEST_STATUS(ID, REQUEST_STATUS_ID, EMPLOYEE_ID, LAST_CHANGED) VALUES (22, 2, 9, '2019-03-06 14:12:00.000000');
insert into CURRENT_REQUEST_STATUS(ID, REQUEST_STATUS_ID, EMPLOYEE_ID, LAST_CHANGED) VALUES (23, 2, 9, '2019-03-15 14:12:00.000000');
insert into CURRENT_REQUEST_STATUS(ID, REQUEST_STATUS_ID, EMPLOYEE_ID, LAST_CHANGED) VALUES (24, 2, 14, '2019-02-13 14:12:00.000000');
insert into CURRENT_REQUEST_STATUS(ID, REQUEST_STATUS_ID, EMPLOYEE_ID, LAST_CHANGED) VALUES (25, 2, 14, '2019-04-27 14:12:00.000000');
insert into CURRENT_REQUEST_STATUS(ID, REQUEST_STATUS_ID, EMPLOYEE_ID, LAST_CHANGED) VALUES (26, 2, 14, '2019-03-08 14:12:00.000000');
insert into CURRENT_REQUEST_STATUS(ID, REQUEST_STATUS_ID, EMPLOYEE_ID, LAST_CHANGED) VALUES (27, 2, 18, '2019-03-09 14:12:00.000000');
insert into CURRENT_REQUEST_STATUS(ID, REQUEST_STATUS_ID, EMPLOYEE_ID, LAST_CHANGED) VALUES (28, 2, 18, '2019-02-11 14:12:00.000000');
insert into CURRENT_REQUEST_STATUS(ID, REQUEST_STATUS_ID, EMPLOYEE_ID, LAST_CHANGED) VALUES (29, 2, 18, '2019-03-08 14:12:00.000000');
insert into CURRENT_REQUEST_STATUS(ID, REQUEST_STATUS_ID, EMPLOYEE_ID, LAST_CHANGED) VALUES (30, 2, 18, '2019-03-22 14:12:00.000000');

insert into TIME_OFF_REQUEST (ID, EMPLOYEE_ID, REQUEST_TYPE_ID, CURRENT_REQUEST_STATUS_ID, START, END, CREATED) values (1, 19, 7, 29, '2019-03-09', '2019-03-19', '2019-03-08');
insert into TIME_OFF_REQUEST (ID, EMPLOYEE_ID, REQUEST_TYPE_ID, CURRENT_REQUEST_STATUS_ID, START, END, CREATED) values (2, 8, 8, 14, '2019-06-28', '2019-06-29', '2019-06-27');
insert into TIME_OFF_REQUEST (ID, EMPLOYEE_ID, REQUEST_TYPE_ID, CURRENT_REQUEST_STATUS_ID, START, END, CREATED) values (3, 16, 4, 27, '2019-03-10', '2019-03-26', '2019-03-09');
insert into TIME_OFF_REQUEST (ID, EMPLOYEE_ID, REQUEST_TYPE_ID, CURRENT_REQUEST_STATUS_ID, START, END, CREATED) values (4, 13, 3, 22, '2019-03-07', '2019-03-15', '2019-03-06');
insert into TIME_OFF_REQUEST (ID, EMPLOYEE_ID, REQUEST_TYPE_ID, CURRENT_REQUEST_STATUS_ID, START, END, CREATED) values (5, 8, 7, 15, '2019-02-24', '2019-03-11', '2019-02-23');
insert into TIME_OFF_REQUEST (ID, EMPLOYEE_ID, REQUEST_TYPE_ID, CURRENT_REQUEST_STATUS_ID, START, END, CREATED) values (6, 14, 4, 24, '2019-02-14', '2019-02-27', '2019-02-13');
insert into TIME_OFF_REQUEST (ID, EMPLOYEE_ID, REQUEST_TYPE_ID, CURRENT_REQUEST_STATUS_ID, START, END, CREATED) values (7, 20, 2, 30, '2019-03-23', '2019-04-05', '2019-03-22');
insert into TIME_OFF_REQUEST (ID, EMPLOYEE_ID, REQUEST_TYPE_ID, CURRENT_REQUEST_STATUS_ID, START, END, CREATED) values (8, 4, 3, 6, '2019-04-19', '2019-04-23', '2019-04-18');
insert into TIME_OFF_REQUEST (ID, EMPLOYEE_ID, REQUEST_TYPE_ID, CURRENT_REQUEST_STATUS_ID, START, END, CREATED) values (9, 11, 4, 17, '2019-05-18', '2019-06-07', '2019-05-17');
insert into TIME_OFF_REQUEST (ID, EMPLOYEE_ID, REQUEST_TYPE_ID, CURRENT_REQUEST_STATUS_ID, START, END, CREATED) values (10, 4, 5, 7, '2019-06-05', '2019-06-20', '2019-06-04');
insert into TIME_OFF_REQUEST (ID, EMPLOYEE_ID, REQUEST_TYPE_ID, CURRENT_REQUEST_STATUS_ID, START, END, CREATED) values (11, 14, 3, 25, '2019-04-28', '2019-05-02', '2019-04-27');
insert into TIME_OFF_REQUEST (ID, EMPLOYEE_ID, REQUEST_TYPE_ID, CURRENT_REQUEST_STATUS_ID, START, END, CREATED) values (12, 1, 6, 1, '2019-02-04', '2019-02-18', '2019-02-03');
insert into TIME_OFF_REQUEST (ID, EMPLOYEE_ID, REQUEST_TYPE_ID, CURRENT_REQUEST_STATUS_ID, START, END, CREATED) values (13, 13, 2, 23, '2019-03-16', '2019-03-20', '2019-03-15');
insert into TIME_OFF_REQUEST (ID, EMPLOYEE_ID, REQUEST_TYPE_ID, CURRENT_REQUEST_STATUS_ID, START, END, CREATED) values (14, 12, 1, 20, '2019-03-12', '2019-03-31', '2019-03-11');
insert into TIME_OFF_REQUEST (ID, EMPLOYEE_ID, REQUEST_TYPE_ID, CURRENT_REQUEST_STATUS_ID, START, END, CREATED) values (15, 3, 8, 5, '2019-04-01', '2019-04-02', '2019-03-31');
insert into TIME_OFF_REQUEST (ID, EMPLOYEE_ID, REQUEST_TYPE_ID, CURRENT_REQUEST_STATUS_ID, START, END, CREATED) values (16, 6, 3, 10, '2019-05-27', '2019-05-30', '2019-05-26');
insert into TIME_OFF_REQUEST (ID, EMPLOYEE_ID, REQUEST_TYPE_ID, CURRENT_REQUEST_STATUS_ID, START, END, CREATED) values (17, 17, 3, 28, '2019-02-12', '2019-03-04', '2019-02-11');
insert into TIME_OFF_REQUEST (ID, EMPLOYEE_ID, REQUEST_TYPE_ID, CURRENT_REQUEST_STATUS_ID, START, END, CREATED) values (18, 11, 1, 18, '2019-02-03', '2019-02-06', '2019-02-02');
insert into TIME_OFF_REQUEST (ID, EMPLOYEE_ID, REQUEST_TYPE_ID, CURRENT_REQUEST_STATUS_ID, START, END, CREATED) values (19, 11, 1, 19, '2019-06-07', '2019-06-12', '2019-06-06');
insert into TIME_OFF_REQUEST (ID, EMPLOYEE_ID, REQUEST_TYPE_ID, CURRENT_REQUEST_STATUS_ID, START, END, CREATED) values (20, 14, 7, 26, '2019-03-09', '2019-03-15', '2019-03-08');
insert into TIME_OFF_REQUEST (ID, EMPLOYEE_ID, REQUEST_TYPE_ID, CURRENT_REQUEST_STATUS_ID, START, END, CREATED) values (21, 6, 4, 11, '2019-06-06', '2019-06-14', '2019-06-05');
insert into TIME_OFF_REQUEST (ID, EMPLOYEE_ID, REQUEST_TYPE_ID, CURRENT_REQUEST_STATUS_ID, START, END, CREATED) values (22, 1, 4, 2, '2019-04-30', '2019-05-06', '2019-04-29');
insert into TIME_OFF_REQUEST (ID, EMPLOYEE_ID, REQUEST_TYPE_ID, CURRENT_REQUEST_STATUS_ID, START, END, CREATED) values (23, 1, 1, 3, '2019-05-07', '2019-05-25', '2019-05-06');
insert into TIME_OFF_REQUEST (ID, EMPLOYEE_ID, REQUEST_TYPE_ID, CURRENT_REQUEST_STATUS_ID, START, END, CREATED) values (24, 6, 8, 12, '2019-02-08', '2019-02-09', '2019-02-07');
insert into TIME_OFF_REQUEST (ID, EMPLOYEE_ID, REQUEST_TYPE_ID, CURRENT_REQUEST_STATUS_ID, START, END, CREATED) values (25, 12, 7, 21, '2019-04-08', '2019-04-20', '2019-04-07');
insert into TIME_OFF_REQUEST (ID, EMPLOYEE_ID, REQUEST_TYPE_ID, CURRENT_REQUEST_STATUS_ID, START, END, CREATED) values (26, 9, 1, 16, '2019-04-16', '2019-04-26', '2019-04-15');
insert into TIME_OFF_REQUEST (ID, EMPLOYEE_ID, REQUEST_TYPE_ID, CURRENT_REQUEST_STATUS_ID, START, END, CREATED) values (27, 1, 8, 4,  '2019-06-25', '2019-06-26', '2019-06-24');
insert into TIME_OFF_REQUEST (ID, EMPLOYEE_ID, REQUEST_TYPE_ID, CURRENT_REQUEST_STATUS_ID, START, END, CREATED) values (28, 6, 5, 13, '2019-02-20', '2019-02-25', '2019-02-19');
insert into TIME_OFF_REQUEST (ID, EMPLOYEE_ID, REQUEST_TYPE_ID, CURRENT_REQUEST_STATUS_ID, START, END, CREATED) values (29, 5, 1, 8, '2019-06-12', '2019-06-23', '2019-06-11');
insert into TIME_OFF_REQUEST (ID, EMPLOYEE_ID, REQUEST_TYPE_ID, CURRENT_REQUEST_STATUS_ID, START, END, CREATED) values (30, 5, 8, 9, '2019-02-25', '2019-02-26', '2019-02-24');

insert into TIME_OFF_REQUEST_NOTE (ID, TIME_OFF_REQUEST_ID, NOTE_ID) values (1, 22, 1);
insert into TIME_OFF_REQUEST_NOTE (ID, TIME_OFF_REQUEST_ID, NOTE_ID) values (2, 22, 2);
insert into TIME_OFF_REQUEST_NOTE (ID, TIME_OFF_REQUEST_ID, NOTE_ID) values (3, 15, 3);
insert into TIME_OFF_REQUEST_NOTE (ID, TIME_OFF_REQUEST_ID, NOTE_ID) values (4, 15, 4);
insert into TIME_OFF_REQUEST_NOTE (ID, TIME_OFF_REQUEST_ID, NOTE_ID) values (5, 13, 5);
insert into TIME_OFF_REQUEST_NOTE (ID, TIME_OFF_REQUEST_ID, NOTE_ID) values (6, 13, 6);
insert into TIME_OFF_REQUEST_NOTE (ID, TIME_OFF_REQUEST_ID, NOTE_ID) values (7, 26, 7);
insert into TIME_OFF_REQUEST_NOTE (ID, TIME_OFF_REQUEST_ID, NOTE_ID) values (8, 26, 8);
insert into TIME_OFF_REQUEST_NOTE (ID, TIME_OFF_REQUEST_ID, NOTE_ID) values (9, 3, 9);
insert into TIME_OFF_REQUEST_NOTE (ID, TIME_OFF_REQUEST_ID, NOTE_ID) values (10, 3, 10);
insert into TIME_OFF_REQUEST_NOTE (ID, TIME_OFF_REQUEST_ID, NOTE_ID) values (11, 2, 11);
insert into TIME_OFF_REQUEST_NOTE (ID, TIME_OFF_REQUEST_ID, NOTE_ID) values (12, 2, 12);
insert into TIME_OFF_REQUEST_NOTE (ID, TIME_OFF_REQUEST_ID, NOTE_ID) values (13, 7, 13);
insert into TIME_OFF_REQUEST_NOTE (ID, TIME_OFF_REQUEST_ID, NOTE_ID) values (14, 7, 14);