insert into EMPLOYEE (ID, NAME) values ( 1, 'Igor' );
insert into EMPLOYEE (ID, NAME) values ( 2, 'Max' );
insert into EMPLOYEE (ID, NAME) values ( 3, 'Jora' );
insert into EMPLOYEE (ID, NAME) values ( 4, 'Eugene' );
insert into EMPLOYEE (ID, NAME) values ( 5, 'Dima' );
insert into EMPLOYEE (ID, NAME) values ( 6, 'Vlad' );
insert into EMPLOYEE (ID, NAME) values ( 7, 'Alexandr' );
insert into EMPLOYEE (ID, NAME) values ( 8, 'Daria' );
insert into EMPLOYEE (ID, NAME) values ( 9, 'Maria' );
insert into EMPLOYEE (ID, NAME) values ( 10, 'Ann' );

insert into USER(id, employee_id, first_name, last_name, email, last_login, logged_in) values (  1, 1, 'Igor', 'Movchan', 'movchan@gmail.com', '2019-03-09 14:12:00.000000', false);
insert into USER(id, employee_id, first_name, last_name, email, last_login, logged_in) values (  2, 2, 'Max', 'Kurek', 'kurek@gmail.com', '2019-03-11 14:12:00.000000', false);
insert into USER(id, employee_id, first_name, last_name, email, last_login, logged_in) values (  3, 3, 'Jora', 'Melnik', 'melnik@gmail.com', '2019-03-03 14:12:00.000000', true);
insert into USER(id, employee_id, first_name, last_name, email, last_login, logged_in) values (  4, 4, 'Eugene', 'Jove', 'jove@gmail.com', '2019-03-13 14:12:00.000000', true);
insert into USER(id, employee_id, first_name, last_name, email, last_login, logged_in) values (  5, 5, 'Dima', 'Karlov', 'karlov@gmail.com', '2019-03-13 14:12:00.000000', false);
insert into USER(id, employee_id, first_name, last_name, email, last_login, logged_in) values (  6, 6, 'Vlad', 'Voronenko', 'voronenko@gmail.com', '2019-03-05 14:12:00.000000', true);
insert into USER(id, employee_id, first_name, last_name, email, last_login, logged_in) values (  7, 7, 'Alexandr', 'Sushko', 'sushko@gmail.com', '2019-03-11 14:12:00.000000', false);
insert into USER(id, employee_id, first_name, last_name, email, last_login, logged_in) values (  8, 8, 'Daria', 'Duban', 'duban@gmail.com', '2019-03-12 14:12:00.000000', false);
insert into USER(id, employee_id, first_name, last_name, email, last_login, logged_in) values (  9, 9, 'Maria', 'Medvedeva', 'medvedeva@gmail.com', '2019-03-09 14:12:00.000000', true);
insert into USER(id, employee_id, first_name, last_name, email, last_login, logged_in) values (  10,10, 'Ann', 'Chida', 'chida@gmail.com', '2019-03-12 14:12:00.000000', false);

insert into NOTE(ID, "FROM", TEXT) values ( 1, 'employee', 'going to Paris' );
insert into NOTE(ID, "FROM", TEXT) values ( 2, 'manager', 'good luck' );
insert into NOTE(ID, "FROM", TEXT) values ( 3, 'employee', 'going to WFH' );
insert into NOTE(ID, "FROM", TEXT) values ( 4, 'manager', 'ok' );
insert into NOTE(ID, "FROM", TEXT) values ( 5, 'employee', 'going to hospital' );
insert into NOTE(ID, "FROM", TEXT) values ( 6, 'manager', 'get well' );
insert into NOTE(ID, "FROM", TEXT) values ( 7, 'employee', 'going to Budapest' );
insert into NOTE(ID, "FROM", TEXT) values ( 8, 'manager', 'have fun' );
insert into NOTE(ID, "FROM", TEXT) values ( 9, 'employee', 'going to conference' );
insert into NOTE(ID, "FROM", TEXT) values ( 10, 'employee', 'cool' );
insert into NOTE(ID, "FROM", TEXT) values ( 11, 'employee', 'will WFH' );
insert into NOTE(ID, "FROM", TEXT) values ( 12, 'manager', 'ok' );
insert into NOTE(ID, "FROM", TEXT) values ( 13, 'employee', 'going to skip because of illness' );
insert into NOTE(ID, "FROM", TEXT) values ( 14, 'manager', 'get well' );

insert into TIME_OFF_DATE(ID, YMD, AMOUNT) VALUES ( 1,'2019-03-09 14:12:00.000000', 2  );
insert into TIME_OFF_DATE(ID, YMD, AMOUNT) VALUES ( 2,'2019-02-09 14:12:00.000000', 1  );
insert into TIME_OFF_DATE(ID, YMD, AMOUNT) VALUES ( 3,'2019-01-09 14:12:00.000000', 4  );
insert into TIME_OFF_DATE(ID, YMD, AMOUNT) VALUES ( 4,'2019-03-01 14:12:00.000000', 5  );
insert into TIME_OFF_DATE(ID, YMD, AMOUNT) VALUES ( 5,'2019-04-11 14:12:00.000000', 2  );
insert into TIME_OFF_DATE(ID, YMD, AMOUNT) VALUES ( 6,'2019-03-02 14:12:00.000000', 7  );
insert into TIME_OFF_DATE(ID, YMD, AMOUNT) VALUES ( 7,'2019-02-16 14:12:00.000000', 4  );
insert into TIME_OFF_DATE(ID, YMD, AMOUNT) VALUES ( 8,'2019-02-23 14:12:00.000000', 2  );
insert into TIME_OFF_DATE(ID, YMD, AMOUNT) VALUES ( 9,'2019-01-09 14:12:00.000000', 6  );
insert into TIME_OFF_DATE(ID, YMD, AMOUNT) VALUES ( 10,'2019-06-10 14:12:00.000000', 5  );

insert into AMOUNT (ID, UNIT, NUMBER) values (1, 'days', 4);
insert into AMOUNT (ID, UNIT, NUMBER) values (2, 'days', 11);
insert into AMOUNT (ID, UNIT, NUMBER) values (3, 'days', 1);
insert into AMOUNT (ID, UNIT, NUMBER) values (4, 'days', 7);
insert into AMOUNT (ID, UNIT, NUMBER) values (5, 'days', 1);
insert into AMOUNT (ID, UNIT, NUMBER) values (6, 'days', 2);
insert into AMOUNT (ID, UNIT, NUMBER) values (7, 'days', 12);
insert into AMOUNT (ID, UNIT, NUMBER) values (8, 'days', 6);
insert into AMOUNT (ID, UNIT, NUMBER) values (9, 'days', 4);
insert into AMOUNT (ID, UNIT, NUMBER) values (10, 'days', 5);

insert into STATUS (ID, USER_ID, LAST_CHANGED, NAME) VALUES (1, 1, '2019-03-08 14:12:00.000000', 'requested' );
insert into STATUS (ID, USER_ID, LAST_CHANGED, NAME) VALUES (2, 5, '2019-03-09 14:12:00.000000', 'approved' );
insert into STATUS (ID, USER_ID, LAST_CHANGED, NAME) VALUES (3, 1, '2019-02-08 14:12:00.000000', 'requested' );
insert into STATUS (ID, USER_ID, LAST_CHANGED, NAME) VALUES (4, 5, '2019-02-09 14:12:00.000000', 'approved' );
insert into STATUS (ID, USER_ID, LAST_CHANGED, NAME) VALUES (5, 1, '2019-01-08 14:12:00.000000', 'requested' );
insert into STATUS (ID, USER_ID, LAST_CHANGED, NAME) VALUES (6, 5, '2019-01-09 14:12:00.000000', 'approved' );
insert into STATUS (ID, USER_ID, LAST_CHANGED, NAME) VALUES (7, 1, '2019-02-27 14:12:00.000000', 'requested' );
insert into STATUS (ID, USER_ID, LAST_CHANGED, NAME) VALUES (8, 5, '2019-03-01 14:12:00.000000', 'approved' );
insert into STATUS (ID, USER_ID, LAST_CHANGED, NAME) VALUES (9, 1, '2019-04-10 14:12:00.000000', 'requested' );
insert into STATUS (ID, USER_ID, LAST_CHANGED, NAME) VALUES (10, 5, '2019-04-11 14:12:00.000000', 'denied' );
insert into STATUS (ID, USER_ID, LAST_CHANGED, NAME) VALUES (11, 1, '2019-03-01 14:12:00.000000', 'requested' );
insert into STATUS (ID, USER_ID, LAST_CHANGED, NAME) VALUES (12, 5, '2019-03-02 14:12:00.000000', 'approved' );
insert into STATUS (ID, USER_ID, LAST_CHANGED, NAME) VALUES (13, 1, '2019-02-15 14:12:00.000000', 'requested' );
insert into STATUS (ID, USER_ID, LAST_CHANGED, NAME) VALUES (14, 5, '2019-02-16 14:12:00.000000', 'approved' );
insert into STATUS (ID, USER_ID, LAST_CHANGED, NAME) VALUES (15, 1, '2019-02-23 14:12:00.000000', 'requested' );
insert into STATUS (ID, USER_ID, LAST_CHANGED, NAME) VALUES (16, 5, '2019-02-23 14:12:00.000000', 'denied' );
insert into STATUS (ID, USER_ID, LAST_CHANGED, NAME) VALUES (17, 1, '2019-01-08 14:12:00.000000', 'requested' );
insert into STATUS (ID, USER_ID, LAST_CHANGED, NAME) VALUES (18, 5, '2019-01-09 14:12:00.000000', 'approved' );
insert into STATUS (ID, USER_ID, LAST_CHANGED, NAME) VALUES (19, 1, '2019-06-10 14:12:00.000000', 'requested' );

insert into TYPE (ID, ICON, NAME) values (1, 'hz', 'Vacation');
insert into TYPE (ID, ICON, NAME) values (2, 'hz', 'Illness');
insert into TYPE (ID, ICON, NAME) values (3, 'hz', 'WFH');

insert into TIME_OFF_REQUEST (ID, EMPLOYEE_ID, STATUS_ID, TYPE_ID, AMOUNT_ID, START, END, CREATED) values (1, 1, 2, 1, 1, '2019-03-09 14:12:00.000000', '2019-03-13 14:12:00.000000', '2019-03-09 14:12:00.000000');
insert into TIME_OFF_REQUEST (ID, EMPLOYEE_ID, STATUS_ID, TYPE_ID, AMOUNT_ID, START, END, CREATED) values (2, 2, 4, 2, 2, '2019-02-09 14:12:00.000000', '2019-02-20 14:12:00.000000', '2019-02-09 14:12:00.000000');
insert into TIME_OFF_REQUEST (ID, EMPLOYEE_ID, STATUS_ID, TYPE_ID, AMOUNT_ID, START, END, CREATED) values (3, 3, 6, 3, 3, '2019-01-09 14:12:00.000000', '2019-01-10 14:12:00.000000', '2019-01-09 14:12:00.000000');
insert into TIME_OFF_REQUEST (ID, EMPLOYEE_ID, STATUS_ID, TYPE_ID, AMOUNT_ID, START, END, CREATED) values (4, 4, 8, 1, 4, '2019-03-01 14:12:00.000000', '2019-03-08 14:12:00.000000', '2019-03-01 14:12:00.000000');
insert into TIME_OFF_REQUEST (ID, EMPLOYEE_ID, STATUS_ID, TYPE_ID, AMOUNT_ID, START, END, CREATED) values (5, 6, 10, 3, 5, '2019-04-11 14:12:00.000000', '2019-04-12 14:12:00.000000', '2019-04-11 14:12:00.000000');
insert into TIME_OFF_REQUEST (ID, EMPLOYEE_ID, STATUS_ID, TYPE_ID, AMOUNT_ID, START, END, CREATED) values (6, 7, 12, 1, 6, '2019-03-02 14:12:00.000000', '2019-03-04 14:12:00.000000', '2019-03-02 14:12:00.000000');
insert into TIME_OFF_REQUEST (ID, EMPLOYEE_ID, STATUS_ID, TYPE_ID, AMOUNT_ID, START, END, CREATED) values (7, 8, 14, 1, 7, '2019-02-16 14:12:00.000000', '2019-02-28 14:12:00.000000', '2019-02-16 14:12:00.000000');
insert into TIME_OFF_REQUEST (ID, EMPLOYEE_ID, STATUS_ID, TYPE_ID, AMOUNT_ID, START, END, CREATED) values (8, 8, 16, 1, 8, '2019-02-23 14:12:00.000000', '2019-03-01 14:12:00.000000', '2019-02-23 14:12:00.000000');
insert into TIME_OFF_REQUEST (ID, EMPLOYEE_ID, STATUS_ID, TYPE_ID, AMOUNT_ID, START, END, CREATED) values (9, 9, 18, 1, 9, '2019-01-09 14:12:00.000000', '2019-01-13 14:12:00.000000', '2019-01-09 14:12:00.000000');
insert into TIME_OFF_REQUEST (ID, EMPLOYEE_ID, STATUS_ID, TYPE_ID, AMOUNT_ID, START, END, CREATED) values (10, 10, 19, 2, 10, '2019-06-10 14:12:00.000000', '2019-06-15 14:12:00.000000', '2019-06-10 14:12:00.000000');

insert into TIME_OFF_REQUEST_TIME_OFF_DATE (ID, TIME_OFF_REQUEST_ID, TIME_OFF_DATE_ID) values (1, 1, 1);
insert into TIME_OFF_REQUEST_TIME_OFF_DATE (ID, TIME_OFF_REQUEST_ID, TIME_OFF_DATE_ID) values (2, 2, 2);
insert into TIME_OFF_REQUEST_TIME_OFF_DATE (ID, TIME_OFF_REQUEST_ID, TIME_OFF_DATE_ID) values (3, 3, 3);
insert into TIME_OFF_REQUEST_TIME_OFF_DATE (ID, TIME_OFF_REQUEST_ID, TIME_OFF_DATE_ID) values (4, 4, 4);
insert into TIME_OFF_REQUEST_TIME_OFF_DATE (ID, TIME_OFF_REQUEST_ID, TIME_OFF_DATE_ID) values (5, 5, 5);
insert into TIME_OFF_REQUEST_TIME_OFF_DATE (ID, TIME_OFF_REQUEST_ID, TIME_OFF_DATE_ID) values (6, 6, 6);
insert into TIME_OFF_REQUEST_TIME_OFF_DATE (ID, TIME_OFF_REQUEST_ID, TIME_OFF_DATE_ID) values (7, 7, 7);
insert into TIME_OFF_REQUEST_TIME_OFF_DATE (ID, TIME_OFF_REQUEST_ID, TIME_OFF_DATE_ID) values (8, 8, 8);
insert into TIME_OFF_REQUEST_TIME_OFF_DATE (ID, TIME_OFF_REQUEST_ID, TIME_OFF_DATE_ID) values (9, 9, 9);
insert into TIME_OFF_REQUEST_TIME_OFF_DATE (ID, TIME_OFF_REQUEST_ID, TIME_OFF_DATE_ID) values (10, 10, 10);

insert into TIME_OFF_REQUEST_NOTE (ID, TIME_OFF_REQUEST_ID, NOTE_ID) values (1, 1, 1);
insert into TIME_OFF_REQUEST_NOTE (ID, TIME_OFF_REQUEST_ID, NOTE_ID) values (2, 1, 2);
insert into TIME_OFF_REQUEST_NOTE (ID, TIME_OFF_REQUEST_ID, NOTE_ID) values (3, 2, 5);
insert into TIME_OFF_REQUEST_NOTE (ID, TIME_OFF_REQUEST_ID, NOTE_ID) values (4, 2, 6);
insert into TIME_OFF_REQUEST_NOTE (ID, TIME_OFF_REQUEST_ID, NOTE_ID) values (5, 3, 3);
insert into TIME_OFF_REQUEST_NOTE (ID, TIME_OFF_REQUEST_ID, NOTE_ID) values (6, 3, 4);
insert into TIME_OFF_REQUEST_NOTE (ID, TIME_OFF_REQUEST_ID, NOTE_ID) values (7, 4, 7);
insert into TIME_OFF_REQUEST_NOTE (ID, TIME_OFF_REQUEST_ID, NOTE_ID) values (8, 4, 8);
insert into TIME_OFF_REQUEST_NOTE (ID, TIME_OFF_REQUEST_ID, NOTE_ID) values (9, 6, 9);
insert into TIME_OFF_REQUEST_NOTE (ID, TIME_OFF_REQUEST_ID, NOTE_ID) values (10, 6, 10);
insert into TIME_OFF_REQUEST_NOTE (ID, TIME_OFF_REQUEST_ID, NOTE_ID) values (11, 10, 14);
insert into TIME_OFF_REQUEST_NOTE (ID, TIME_OFF_REQUEST_ID, NOTE_ID) values (12, 10, 14);
insert into TIME_OFF_REQUEST_NOTE (ID, TIME_OFF_REQUEST_ID, NOTE_ID) values (13, 5, 11);
insert into TIME_OFF_REQUEST_NOTE (ID, TIME_OFF_REQUEST_ID, NOTE_ID) values (14, 5, 12);